timeStamp,elapsed,label,responseCode,responseMessage,threadName,dataType,success,failureMessage,bytes,sentBytes,grpThreads,allThreads,URL,Latency,IdleTime,Connect
1786141516028,7149,POST /api/payment,201,Created,Payment Requests 1-4,text,true,,602,321,10,10,http://localhost:3000/api/payment,7131,0,6854
1786141514793,8383,POST /api/payment,201,Created,Payment Requests 1-1,text,true,,602,321,10,10,http://localhost:3000/api/payment,8370,0,8091
1786141517531,5646,POST /api/payment,201,Created,Payment Requests 1-7,text,true,,602,321,10,10,http://localhost:3000/api/payment,5628,0,5353
1786141516529,6665,POST /api/payment,201,Created,Payment Requests 1-5,text,true,,602,321,10,10,http://localhost:3000/api/payment,6665,0,6353
1786141518029,5176,POST /api/payment,201,Created,Payment Requests 1-8,text,true,,602,321,10,10,http://localhost:3000/api/payment,5176,0,4855
1786141518528,4700,POST /api/payment,201,Created,Payment Requests 1-9,text,true,,602,321,10,10,http://localhost:3000/api/payment,4700,0,4355
1786141519026,4202,POST /api/payment,201,Created,Payment Requests 1-10,text,true,,602,321,10,10,http://localhost:3000/api/payment,4202,0,3859
1786141517028,6230,POST /api/payment,201,Created,Payment Requests 1-6,text,true,,602,321,10,10,http://localhost:3000/api/payment,6230,0,5858
1786141515032,8230,POST /api/payment,201,Created,Payment Requests 1-2,text,true,,602,321,10,10,http://localhost:3000/api/payment,8230,0,7853
1786141515530,7732,POST /api/payment,201,Created,Payment Requests 1-3,text,true,,602,321,10,10,http://localhost:3000/api/payment,7732,0,7354
1786141523263,236,POST /api/payment,201,Created,Payment Requests 1-3,text,true,,602,321,10,10,http://localhost:3000/api/payment,236,0,0
1786141523182,325,POST /api/payment,201,Created,Payment Requests 1-1,text,true,,602,321,10,10,http://localhost:3000/api/payment,325,0,0
1786141523263,263,POST /api/payment,201,Created,Payment Requests 1-2,text,true,,602,321,10,10,http://localhost:3000/api/payment,263,0,0
1786141523207,326,POST /api/payment,201,Created,Payment Requests 1-8,text,true,,602,321,10,10,http://localhost:3000/api/payment,326,0,0
1786141523229,304,POST /api/payment,201,Created,Payment Requests 1-10,text,true,,602,321,10,10,http://localhost:3000/api/payment,304,0,0
1786141523259,305,POST /api/payment,201,Created,Payment Requests 1-6,text,true,,602,321,10,10,http://localhost:3000/api/payment,305,0,0
1786141523182,382,POST /api/payment,201,Created,Payment Requests 1-7,text,true,,602,321,10,10,http://localhost:3000/api/payment,382,0,0
1786141523229,338,POST /api/payment,201,Created,Payment Requests 1-9,text,true,,602,321,10,10,http://localhost:3000/api/payment,338,0,0
1786141523195,399,POST /api/payment,201,Created,Payment Requests 1-5,text,true,,602,321,10,10,http://localhost:3000/api/payment,399,0,0
1786141523182,412,POST /api/payment,201,Created,Payment Requests 1-4,text,true,,602,321,10,10,http://localhost:3000/api/payment,412,0,0
1786141523500,223,POST /api/payment,201,Created,Payment Requests 1-3,text,true,,602,321,10,10,http://localhost:3000/api/payment,223,0,0
1786141523535,226,POST /api/payment,201,Created,Payment Requests 1-10,text,true,,602,321,10,10,http://localhost:3000/api/payment,226,0,0
1786141523508,257,POST /api/payment,201,Created,Payment Requests 1-1,text,true,,602,321,10,10,http://localhost:3000/api/payment,257,0,0
1786141523527,259,POST /api/payment,201,Created,Payment Requests 1-2,text,true,,602,321,10,10,http://localhost:3000/api/payment,259,0,0
1786141523565,243,POST /api/payment,201,Created,Payment Requests 1-7,text,true,,602,321,10,10,http://localhost:3000/api/payment,243,0,0
1786141523565,259,POST /api/payment,201,Created,Payment Requests 1-6,text,true,,602,321,10,10,http://localhost:3000/api/payment,259,0,0
1786141523535,298,POST /api/payment,201,Created,Payment Requests 1-8,text,true,,602,321,10,10,http://localhost:3000/api/payment,298,0,0
1786141523567,277,POST /api/payment,201,Created,Payment Requests 1-9,text,true,,602,321,10,10,http://localhost:3000/api/payment,277,0,0
1786141523595,250,POST /api/payment,201,Created,Payment Requests 1-5,text,true,,602,321,10,10,http://localhost:3000/api/payment,250,0,0
1786141523595,251,POST /api/payment,201,Created,Payment Requests 1-4,text,true,,602,321,10,10,http://localhost:3000/api/payment,251,0,0
1786141523724,260,POST /api/payment,201,Created,Payment Requests 1-3,text,true,,602,321,10,10,http://localhost:3000/api/payment,260,0,0
1786141523787,212,POST /api/payment,201,Created,Payment Requests 1-2,text,true,,602,321,10,10,http://localhost:3000/api/payment,212,0,0
1786141523762,256,POST /api/payment,201,Created,Payment Requests 1-10,text,true,,602,321,10,10,http://localhost:3000/api/payment,256,0,0
1786141523825,219,POST /api/payment,201,Created,Payment Requests 1-6,text,true,,602,321,10,10,http://localhost:3000/api/payment,219,0,0
1786141523845,207,POST /api/payment,201,Created,Payment Requests 1-9,text,true,,602,321,10,10,http://localhost:3000/api/payment,207,0,0
1786141523809,243,POST /api/payment,201,Created,Payment Requests 1-7,text,true,,602,321,10,10,http://localhost:3000/api/payment,243,0,0
1786141523834,254,POST /api/payment,201,Created,Payment Requests 1-8,text,true,,602,321,10,10,http://localhost:3000/api/payment,254,0,0
1786141523768,329,POST /api/payment,201,Created,Payment Requests 1-1,text,true,,602,321,10,10,http://localhost:3000/api/payment,329,0,0
1786141523845,256,POST /api/payment,201,Created,Payment Requests 1-5,text,true,,602,321,10,10,http://localhost:3000/api/payment,256,0,0
1786141523847,260,POST /api/payment,201,Created,Payment Requests 1-4,text,true,,602,321,10,10,http://localhost:3000/api/payment,260,0,0
1786141523985,216,POST /api/payment,201,Created,Payment Requests 1-3,text,true,,602,321,10,10,http://localhost:3000/api/payment,216,0,0
1786141524000,205,POST /api/payment,201,Created,Payment Requests 1-2,text,true,,602,321,10,10,http://localhost:3000/api/payment,205,0,0
1786141524019,194,POST /api/payment,201,Created,Payment Requests 1-10,text,true,,602,321,8,8,http://localhost:3000/api/payment,194,0,0
1786141524053,245,POST /api/payment,201,Created,Payment Requests 1-9,text,true,,602,321,7,7,http://localhost:3000/api/payment,245,0,0
1786141524053,255,POST /api/payment,201,Created,Payment Requests 1-7,text,true,,602,321,6,6,http://localhost:3000/api/payment,255,0,0
1786141524045,266,POST /api/payment,201,Created,Payment Requests 1-6,text,true,,602,321,5,5,http://localhost:3000/api/payment,266,0,0
1786141524097,222,POST /api/payment,201,Created,Payment Requests 1-1,text,true,,602,321,4,4,http://localhost:3000/api/payment,222,0,0
1786141524108,217,POST /api/payment,201,Created,Payment Requests 1-4,text,true,,602,321,3,3,http://localhost:3000/api/payment,217,0,0
1786141524089,239,POST /api/payment,201,Created,Payment Requests 1-8,text,true,,602,321,2,2,http://localhost:3000/api/payment,239,0,0
1786141524102,230,POST /api/payment,201,Created,Payment Requests 1-5,text,true,,602,321,1,1,http://localhost:3000/api/payment,230,0,0
